Filename,Execution_Time,Expanded_Nodes,Backward_Nodes,Solved
easy1.txt,0.03758549690246582,46,0,True
easy2.txt,0.032654762268066406,41,0,True
easy3.txt,0.02996826171875,46,1,True
easy4.txt,0.024394750595092773,40,0,True
easy5.txt,0.026745080947875977,43,0,True
normal1.txt,0.04747271537780762,52,0,True
normal2.txt,0.05203700065612793,51,0,True
normal3.txt,0.01293492317199707,12,3,False
normal4.txt,0.03045058250427246,50,1,True
normal5.txt,0.035834312438964844,51,0,True
