Filename,Execution_Time,Expanded_Nodes,Backward_Nodes,Solved
easy2,0.021322250366210938,41,0,True
easy4,0.0196230411529541,40,0,True
easy3,0.009660005569458008,9,1,True
easy1,0.024281978607177734,46,0,True
easy5,0.020573854446411133,43,0,True
normal1,0.027243614196777344,52,0,True
normal2,0.02665233612060547,51,0,True
normal4,0.020020723342895508,28,1,True
normal5,0.02919626235961914,51,0,True
normal3,0.011649847030639648,10,1,True
