Filename,Execution_Time,Expanded_Nodes,Backward_Nodes,Solved
easy1,0.03579115867614746,46,0,True
easy2,0.0307919979095459,41,0,True
easy3,0.010209798812866211,9,1,True
easy4,0.02908802032470703,40,0,True
easy5,0.03126358985900879,43,0,True
normal1,0.05121803283691406,52,0,True
normal2,0.04346656799316406,51,0,True
normal3,0.016991853713989258,10,1,True
normal4,0.034147024154663086,28,1,True
normal5,0.05513501167297363,51,0,True
