Filename,Execution_Time,Expanded_Nodes,Backward_Nodes,Solved
easy1.txt,0.030231475830078125,1127,0,True
easy2.txt,0.027299165725708008,902,0,True
easy3.txt,0.033054351806640625,1119,39,True
easy4.txt,0.02083277702331543,860,0,True
easy5.txt,0.023451566696166992,989,0,True
normal1.txt,0.031145811080932617,1430,0,True
normal2.txt,0.03233695030212402,1377,0,True
normal3.txt,0.033922433853149414,1308,34,True
normal4.txt,0.029063940048217773,1299,25,True
normal5.txt,0.03074502944946289,1377,0,True
