Filename,Execution_Time,Expanded_Nodes,Backward_Nodes,Solved
easy1.txt,0.027736902236938477,46,0,True
easy2.txt,0.027531862258911133,41,0,True
easy3.txt,0.02765369415283203,45,2,True
easy4.txt,0.024036169052124023,40,0,True
easy5.txt,0.032240867614746094,43,0,True
normal1.txt,0.03606390953063965,52,0,True
normal2.txt,0.03588294982910156,51,0,True
normal3.txt,0.0353696346282959,35,5,False
normal4.txt,0.030963420867919922,49,1,True
normal5.txt,0.03128218650817871,51,0,True
