Filename,Execution_Time,Expanded_Nodes,Backward_Nodes,Solved
easy1.txt,0.024837255477905273,46,0,True
easy2.txt,0.021118879318237305,41,0,True
easy3.txt,0.007598400115966797,9,1,True
easy4.txt,0.026072263717651367,40,0,True
easy5.txt,0.026168346405029297,43,0,True
normal1.txt,0.04893374443054199,52,0,True
normal2.txt,0.06702184677124023,51,0,True
normal3.txt,0.013442516326904297,10,1,True
normal4.txt,0.05268096923828125,28,1,True
normal5.txt,0.03381204605102539,51,0,True
