Filename,Execution_Time,Expanded_Nodes,Backward_Nodes,Solved
easy1.txt,0.035039424896240234,1,0,True
easy2.txt,0.02964019775390625,1,0,True
easy3.txt,0.036087989807128906,1,0,True
easy4.txt,0.027715682983398438,1,0,True
easy5.txt,0.030857324600219727,1,0,True
normal1.txt,0.04476118087768555,1,0,True
normal2.txt,0.04690265655517578,1,0,True
normal3.txt,0.08278059959411621,1,0,True
normal4.txt,0.1968250274658203,1,0,True
normal5.txt,0.07128643989562988,1,0,True
